,Density (per kmÂ²)
0,Macau
1,Monaco
2,Singapore
3,Hong Kong
4,Gibraltar
5,Bahrain
6,Maldives
7,Malta
8,Sint Maarten
9,Bermuda
10,Bangladesh
11,Jersey
12,Mayotte
13,Palestine
14,Guernsey
15,Taiwan
16,Barbados
17,Mauritius
18,Nauru
19,Saint Martin
20,Aruba
21,San Marino
22,Lebanon
23,Rwanda
24,Saint Barthelemy
25,South Korea
26,Vatican City
27,Burundi
28,Comoros
29,Israel
30,Tuvalu
31,India
32,Curacao
33,Netherlands
34,Haiti
35,Reunion
36,Belgium
37,Puerto Rico
38,Grenada
39,Philippines
40,Sri Lanka
41,Japan
42,Martinique
43,Guam
44,El Salvador
45,Trinidad and Tobago
46,Vietnam
47,Saint Lucia
48,United States Virgin Islands
49,United Kingdom
50,Pakistan
51,Saint Vincent and the Grenadines
52,Cayman Islands
53,Jamaica
54,Gambia
55,Luxembourg
56,Liechtenstein
57,Guadeloupe
58,Kuwait
59,Seychelles
60,Nigeria
61,Sao Tome and Principe
62,Germany
63,Qatar
64,Dominican Republic
65,Marshall Islands
66,American Samoa
67,North Korea
68,Antigua and Barbuda
69,Switzerland
70,Nepal
71,British Virgin Islands
72,Italy
73,Uganda
74,Saint Kitts and Nevis
75,Anguilla
76,Malawi
77,Andorra
78,Guatemala
79,Micronesia
80,Kiribati
81,Tokelau
82,Togo
83,Isle of Man
84,Cape Verde
85,China
86,Indonesia
87,Tonga
88,Ghana
89,Thailand
90,Denmark
91,Cyprus
92,Czech Republic
93,Poland
94,Jordan
95,Sierra Leone
96,Azerbaijan
97,Syria
98,Benin
99,France
100,Slovakia
101,United Arab Emirates
102,Ethiopia
103,Portugal
104,Egypt
105,Turkey
106,Hungary
107,Northern Mariana Islands
108,Austria
109,Slovenia
110,Malaysia
111,Cuba
112,Iraq
113,Costa Rica
114,Albania
115,Dominica
116,Moldova
117,Spain
118,Armenia
119,Kenya
120,Honduras
121,Cambodia
122,Timor-Leste
123,Senegal
124,Ivory Coast
125,Morocco
126,Burkina Faso
127,Romania
128,Serbia
129,Wallis and Futuna
130,North Macedonia
131,Myanmar
132,Greece
133,Samoa
134,Brunei
135,Uzbekistan
136,Lesotho
137,Tunisia
138,French Polynesia
139,Cook Islands
140,Ireland
141,Croatia
142,Tajikistan
143,Tanzania
144,Eswatini
145,Ukraine
146,Ecuador
147,Mexico
148,Yemen
149,Bosnia and Herzegovina
150,Afghanistan
151,Bulgaria
152,Equatorial Guinea
153,Cameroon
154,Panama
155,Guinea-Bissau
156,Guinea
157,Iran
158,Georgia
159,Nicaragua
160,Fiji
161,Madagascar
162,South Africa
163,Djibouti
164,Turks and Caicos Islands
165,Liberia
166,Belarus
167,Colombia
168,Montenegro
169,Montserrat
170,DR Congo
171,Lithuania
172,Zimbabwe
173,Mozambique
174,Palau
175,Faroe Islands
176,United States
177,Kyrgyzstan
178,Laos
179,Eritrea
180,Venezuela
181,Bahamas
182,Estonia
183,Latvia
184,Angola
185,Somalia
186,Vanuatu
187,Zambia
188,Peru
189,Chile
190,Brazil
191,Solomon Islands
192,Sudan
193,Saint Pierre and Miquelon
194,Sweden
195,Papua New Guinea
196,Niger
197,Bhutan
198,New Zealand
199,Uruguay
200,Algeria
201,Mali
202,Belize
203,South Sudan
204,Republic of the Congo
205,Saudi Arabia
206,Norway
207,Paraguay
208,Finland
209,Argentina
210,New Caledonia
211,Oman
212,Chad
213,Turkmenistan
214,Bolivia
215,Central African Republic
216,Gabon
217,Russia
218,Niue
219,Kazakhstan
220,Mauritania
221,Botswana
222,Libya
223,Canada
224,Suriname
225,Guyana
226,French Guiana
227,Iceland
228,Australia
229,Namibia
230,Mongolia
231,Western Sahara
232,Falkland Islands
233,Greenland
